"Draft Planner Cheat Sheet",VBD2,Value Based Drafting from Draft Planner,08/06/2019,710
Rank,ID,"Last Name","First Name",Position,Team,Points,VBD,"Bye Week"
1,13132,Kamara,Alvin,RB,NOS,338.9,120.6,9
2,13604,Barkley,Saquon,RB,NYG,337.5,119.2,11
3,12625,Elliott,Ezekiel,RB,DAL,331.1,112.8,8
4,11675,Adams,Davante,WR,GBP,311.1,112.3,11
5,13130,McCaffrey,Christian,RB,CAR,327.2,108.9,7
6,11232,Hopkins,DeAndre,WR,HOU,299.7,101.0,10
7,10271,Jones,Julio,WR,ATL,293.2,94.4,9
8,13116,Mahomes,Patrick,QB,KCC,402.3,89.4,12
9,11679,Beckham,Odell,WR,CLE,288.0,89.3,7
10,9988,Brown,Antonio,WR,OAK,287.6,88.9,6
11,12652,Thomas,Michael,WR,NOS,285.6,86.9,9
12,13156,Smith-Schuster,JuJu,WR,PIT,285.5,86.8,7
13,12801,Hill,Tyreek,WR,KCC,282.7,84.0,12
14,13146,Conner,James,RB,PIT,294.2,75.9,7
15,10868,Zuerlein,Greg,K,LAR,198.4,66.8,9
16,12186,Diggs,Stefon,WR,MIN,258.8,60.1,12
17,11247,Ertz,Zach,TE,PHI,221.3,59.3,10
18,11671,Evans,Mike,WR,TBB,254.6,55.9,7
19,12151,Gordon,Melvin,RB,LAC,274.0,55.7,12
20,11192,Bell,Le'Veon,RB,NYJ,270.9,52.6,4
21,12171,Johnson,David,RB,ARZ,270.1,51.8,12
22,12150,Gurley,Todd,RB,LAR,268.8,50.5,9
23,11244,Kelce,Travis,TE,KCC,211.8,49.8,12
24,11938,Thielen,Adam,WR,MIN,247.8,49.1,12
25,13128,Cook,Dalvin,RB,MIN,267.0,48.7,12
26,11886,Williams,Damien,RB,KCC,266.2,47.9,12
27,13113,Watson,Deshaun,QB,HOU,359.8,46.9,10
28,521,Bears,Chicago,D,CHI,32.6,45.6,6
29,10976,Tucker,Justin,K,BAL,175.4,43.8,8
30,13129,Fournette,Leonard,RB,JAC,261.4,43.1,10
31,10729,Hilton,T.Y.,WR,IND,238.9,40.2,6
32,11674,Cooks,Brandin,WR,LAR,238.4,39.6,9
33,12175,Cooper,Amari,WR,DAL,237.6,38.8,8
34,11222,Allen,Keenan,WR,LAC,235.0,36.3,12
35,11228,Woods,Robert,WR,LAR,233.4,34.6,9
36,8153,Gould,Robbie,K,SFO,165.7,34.1,4
37,13610,Chubb,Nick,RB,CLE,251.1,32.8,7
38,7836,Rodgers,Aaron,QB,GBP,345.4,32.6,11
39,10703,Wilson,Russell,QB,SEA,343.5,30.6,11
40,512,Chiefs,Kansas City,D,KCC,17.1,30.2,12
41,12956,Lutz,Wil,K,NOS,161.6,30.0,9
42,13354,Butker,Harrison,K,KCC,161.6,30.0,12
43,12187,Lockett,Tyler,WR,SEA,226.8,28.1,11
44,13629,Ridley,Calvin,WR,ATL,226.5,27.8,9
45,9662,Edelman,Julian,WR,NEP,226.5,27.7,10
46,13153,Davis,Corey,WR,TEN,224.4,25.7,11
47,10695,Luck,Andrew,QB,IND,337.9,25.0,6
48,13131,Mixon,Joe,RB,CIN,242.9,24.6,9
49,13163,Godwin,Chris,WR,TBB,222.8,24.1,7
50,504,Patriots,New England,D,NEP,10.9,24.0,10
51,13319,Jones,Aaron,RB,GBP,241.5,23.2,11
52,13277,Golladay,Kenny,WR,DET,221.7,23.0,5
53,9099,Ryan,Matt,QB,ATL,335.5,22.6,9
54,13154,Williams,Mike,WR,LAC,220.0,21.2,12
55,514,Chargers,Los Angeles,D,LAC,7.0,20.1,12
56,8359,Gostkowski,Stephen,K,NEP,151.3,19.7,10
57,511,Broncos,Denver,D,DEN,5.9,18.9,10
58,13164,Kupp,Cooper,WR,LAR,217.2,18.5,9
59,11680,Landry,Jarvis,WR,CLE,217.0,18.3,7
60,13234,Mack,Marlon,RB,IND,236.0,17.7,6
61,12860,Fairbairn,Ka'imi,K,HOU,148.1,16.5,10
62,13612,Johnson,Kerryon,RB,DET,234.0,15.7,5
63,12930,Anderson,Robby,WR,NYJ,214.2,15.5,4
64,12610,Wentz,Carson,QB,PHI,328.1,15.3,10
65,10722,Jeffery,Alshon,WR,PHI,213.8,15.1,10
66,11678,Robinson,Allen,WR,CHI,213.8,15.1,6
67,10261,Green,A.J.,WR,CIN,213.6,14.9,9
68,12658,Shepard,Sterling,WR,NYG,212.9,14.2,11
69,13635,Moore,D.J.,WR,CAR,212.6,13.9,7
70,7393,Fitzgerald,Larry,WR,ARZ,212.4,13.7,12
71,531,Ravens,Baltimore,D,BAL,-1.9,11.2,8
72,10738,Jones,Marvin,WR,DET,209.4,10.7,5
73,13590,Mayfield,Baker,QB,CLE,322.6,9.7,7
74,13630,Sutton,Courtland,WR,DEN,207.9,9.2,10
75,12626,Henry,Derrick,RB,TEN,227.0,8.7,11
76,502,Colts,Indianapolis,D,IND,-5.0,8.1,6
77,14073,Jacobs,Josh,RB,OAK,226.3,8.0,6
78,532,Texans,Houston,D,HOU,-5.6,7.5,10
79,10276,Ingram,Mark,RB,BAL,225.7,7.4,8
80,509,Jaguars,Jacksonville,D,JAC,-6.1,6.9,10
81,12437,Myers,Jason,K,SEA,138.4,6.8,11
82,529,Saints,New Orleans,D,NOS,-6.7,6.3,9
83,10273,Newton,Cam,QB,CAR,318.7,5.9,7
84,524,Vikings,Minnesota,D,MIN,-7.7,5.4,12
85,7401,Roethlisberger,Ben,QB,PIT,317.6,4.7,7
86,11747,White,James,RB,NEP,222.7,4.4,10
87,13607,Michel,Sony,RB,NEP,222.4,4.1,10
88,8930,Prater,Matt,K,DET,135.0,3.4,5
89,9319,Hauschka,Steven,K,BUF,134.4,2.8,6
90,13188,Howard,O.J.,TE,TBB,164.6,2.6,7
91,12650,Boyd,Tyler,WR,CIN,200.8,2.1,9
92,12620,Prescott,Dak,QB,DAL,314.8,1.9,8
93,11660,Freeman,Devonta,RB,ATL,218.8,0.5,9
94,13303,Elliott,Jake,K,PHI,131.9,0.3,10
95,12140,Winston,Jameis,QB,TBB,312.9,0.0,7
96,13614,Lindsay,Phillip,RB,DEN,218.3,0.0,10
97,12647,Fuller,Will,WR,HOU,198.7,0.0,10
98,13299,Kittle,George,TE,SFO,162.0,0.0,4
99,9686,Succop,Ryan,K,TEN,131.6,0.0,11
100,528,Rams,Los Angeles,D,LAR,-13.1,0.0,9
101,508,Titans,Tennessee,D,TEN,-13.7,-0.7,11
102,11339,Tavecchio,Giorgio,K,ATL,130.7,-0.9,9
103,13634,Pettis,Dante,WR,SFO,197.8,-0.9,4
104,13290,Cohen,Tarik,RB,CHI,217.4,-0.9,6
105,5848,Brady,Tom,QB,NEP,311.9,-1.0,10
106,507,Browns,Cleveland,D,CLE,-14.1,-1.0,7
107,515,Seahawks,Seattle,D,SEA,-14.1,-1.0,11
108,9918,Sanders,Emmanuel,WR,DEN,197.2,-1.5,10
109,14071,Montgomery,David,RB,CHI,216.3,-2.0,6
110,13241,Rosas,Aldrick,K,NYG,127.9,-3.7,11
111,510,Steelers,Pittsburgh,D,PIT,-16.9,-3.9,7
112,13909,Maher,Brett,K,DAL,127.2,-4.4,8
113,522,Lions,Detroit,D,DET,-18.2,-5.2,5
114,12417,Lambo,Josh,K,JAC,126.4,-5.2,10
115,4925,Brees,Drew,QB,NOS,307.5,-5.3,9
116,13605,Guice,Derrius,RB,WAS,212.7,-5.6,10
117,13364,Carson,Chris,RB,SEA,212.6,-5.7,11
118,12630,Drake,Kenyan,RB,MIA,211.8,-6.5,5
119,505,Jets,New York,D,NYJ,-19.9,-6.8,4
120,13980,Badgley,Mike,K,LAC,124.7,-6.9,12
121,2842,Vinatieri,Adam,K,IND,124.5,-7.1,6
122,506,Bengals,Cincinnati,D,CIN,-20.3,-7.2,9
123,10700,Cousins,Kirk,QB,MIN,305.5,-7.4,12
124,526,Falcons,Atlanta,D,ATL,-21.0,-7.9,9
125,503,Dolphins,Miami,D,MIA,-21.3,-8.3,5
126,8742,Crosby,Mason,K,GBP,122.5,-9.1,11
127,11387,Hopkins,Dustin,K,WAS,122.0,-9.6,10
128,7394,Rivers,Philip,QB,LAC,302.8,-10.1,12
129,13718,Carlson,Daniel,K,OAK,121.4,-10.2,6
130,11695,Ebron,Eric,TE,IND,151.8,-10.3,6
131,12611,Goff,Jared,QB,LAR,302.4,-10.5,9
132,12676,Henry,Hunter,TE,LAC,150.2,-11.8,12
133,11783,Brown,John,WR,BUF,186.8,-11.9,6
134,12634,Howard,Jordan,RB,PHI,205.8,-12.5,10
135,516,Cowboys,Dallas,D,DAL,-27.2,-14.1,8
136,520,Redskins,Washington,D,WAS,-28.4,-15.4,10
137,10708,Miller,Lamar,RB,HOU,202.9,-15.4,10
138,10506,Bailey,Dan,K,MIN,115.6,-15.9,12
139,501,Bills,Buffalo,D,BUF,-29.1,-16.0,6
140,9474,Cook,Jared,TE,NOS,145.1,-17.0,9
141,13189,Engram,Evan,TE,NYG,145.1,-17.0,11
142,527,Panthers,Carolina,D,CAR,-30.2,-17.1,7
143,9448,McCoy,LeSean,RB,BUF,200.8,-17.5,6
144,8687,Olsen,Greg,TE,CAR,144.5,-17.6,7
145,517,Giants,New York,D,NYG,-30.7,-17.6,11
146,11672,Lee,Marqise,WR,JAC,181.0,-17.7,10
147,11960,Catanzaro,Chandler,K,NYJ,113.6,-18.0,4
148,13589,Allen,Josh,QB,BUF,294.1,-18.7,6
149,11936,Boswell,Chris,K,PIT,112.1,-19.5,7
150,8416,Walker,Delanie,TE,TEN,142.2,-19.9,11
151,11257,McDonald,Vance,TE,PIT,141.9,-20.2,7
152,12677,Hooper,Austin,TE,ATL,140.7,-21.3,9
153,11945,Santos,Cairo,K,TBB,110.0,-21.6,7
154,10862,Bullock,Randy,K,CIN,109.4,-22.2,9
155,13192,Njoku,David,TE,CLE,139.9,-22.2,7
156,13608,Penny,Rashaad,RB,SEA,195.8,-22.5,11
157,10312,Rudolph,Kyle,TE,MIN,139.0,-23.0,12
158,11947,McManus,Brandon,K,DEN,107.9,-23.7,10
159,11705,Burton,Trey,TE,CHI,138.0,-24.0,6
160,9694,Gano,Graham,K,CAR,106.0,-25.6,7
161,11250,Eifert,Tyler,TE,CIN,136.2,-25.8,9
162,9925,Graham,Jimmy,TE,GBP,135.9,-26.1,11
163,525,Buccaneers,Tampa Bay,D,TBB,-39.7,-26.6,7
164,6997,Witten,Jason,TE,DAL,135.4,-26.6,8
165,12773,Moore,Chris,WR,BAL,170.8,-27.9,8
166,10723,Sanu,Mohamed,WR,ATL,169.7,-29.0,9
167,12665,Allison,Geronimo,WR,GBP,169.3,-29.4,11
168,11516,Doyle,Jack,TE,IND,132.3,-29.8,6
169,10313,Dalton,Andy,QB,CIN,282.9,-29.9,9
170,11760,Garoppolo,Jimmy,QB,SFO,282.8,-30.0,4
171,13832,Sanders,Jason,K,MIA,101.2,-30.4,5
172,13593,Jackson,Lamar,QB,BAL,281.4,-31.5,8
173,13898,Joseph,Greg,K,CLE,99.9,-31.7,7
174,518,Eagles,Philadelphia,D,PHI,-45.1,-32.1,10
175,11677,Moncrief,Donte,WR,PIT,166.5,-32.2,7
176,8673,Ginn Jr.,Ted,WR,NOS,165.9,-32.8,9
177,13347,Gonzalez,Zane,K,ARZ,98.4,-33.2,12
178,11670,Watkins,Sammy,WR,KCC,165.4,-33.3,12
179,13622,Hines,Nyheim,RB,IND,182.1,-36.2,6
180,519,Cardinals,Arizona,D,ARZ,-49.2,-36.2,12
181,13115,Trubisky,Mitchell,QB,CHI,276.5,-36.4,6
182,12152,Coleman,Tevin,RB,SFO,181.2,-37.1,4
183,13674,Goedert,Dallas,TE,PHI,124.5,-37.6,10
184,13138,Hunt,Kareem,RB,CLE,180.1,-38.2,7
185,530,49ers,San Francisco,D,SFO,-52.1,-39.0,4
186,8658,Peterson,Adrian,RB,WAS,178.4,-39.9,10
187,523,Packers,Green Bay,D,GBP,-53.9,-40.8,11
188,12263,Waller,Darren,TE,OAK,120.4,-41.6,6
189,13671,Andrews,Mark,TE,BAL,120.2,-41.8,8
190,14101,Harry,N'Keal,WR,NEP,156.2,-42.6,10
191,513,Raiders,Oakland,D,OAK,-58.4,-45.3,6
192,13719,Pineiro,Eddy,K,CHI,85.6,-46.0,6
193,13613,Samuels,Jaylen,RB,PIT,171.7,-46.6,7
194,14138,Hockenson,T.J.,TE,DET,114.7,-47.3,5
195,12110,Brate,Cameron,TE,TBB,114.3,-47.8,7
196,13157,Samuel,Curtis,WR,CAR,150.9,-47.8,7
197,13793,Valdes-Scantling,Marquez,WR,GBP,149.0,-49.7,11
198,12205,Funchess,Devin,WR,IND,148.2,-50.5,6
199,9075,Jackson,DeSean,WR,PHI,148.0,-50.7,10
200,12141,Mariota,Marcus,QB,TEN,261.1,-51.8,11
201,9431,Stafford,Matthew,QB,DET,260.6,-52.3,5
202,10960,Gordon,Josh,WR,NEP,146.3,-52.4,10
203,12176,Parker,DeVante,WR,MIA,145.6,-53.1,5
204,11248,Reed,Jordan,TE,WAS,108.6,-53.4,10
205,11227,Stills,Kenny,WR,MIA,144.2,-54.5,5
206,13646,Gallup,Michael,WR,DAL,144.1,-54.6,8
207,12637,Barber,Peyton,RB,TBB,163.0,-55.3,7
208,11644,Carr,Derek,QB,OAK,255.1,-57.7,6
209,10389,Lewis,Dion,RB,TEN,160.5,-57.8,11
210,13763,Dissly,Will,TE,SEA,104.0,-58.0,11
211,12648,Doctson,Josh,WR,WAS,140.3,-58.4,10
212,13404,Ekeler,Austin,RB,LAC,159.3,-59.0,12
213,13606,Jones,Ronald,RB,TBB,159.2,-59.1,7
214,7391,Manning,Eli,QB,NYG,253.4,-59.5,11
215,14056,Murray,Kyler,QB,ARZ,253.1,-59.8,12
216,11239,Goodwin,Marquise,WR,SFO,138.9,-59.8,4
217,14137,Fant,Noah,TE,DEN,100.9,-61.2,10
218,13639,Miller,Anthony,WR,CHI,137.4,-61.4,6
219,11186,Thompson,Chris,RB,WAS,155.3,-63.0,10
220,13378,Breida,Matt,RB,SFO,155.2,-63.1,4
221,13662,Coutee,Keke,WR,HOU,135.4,-63.3,10
222,12184,Crowder,Jamison,WR,NYJ,134.9,-63.8,4
223,14102,Metcalf,DK,WR,SEA,134.9,-63.9,11
224,13193,Smith,Jonnu,TE,TEN,98.1,-63.9,11
225,13768,Smith,Ito,RB,ATL,154.2,-64.1,9
226,13633,Kirk,Christian,WR,ARZ,133.6,-65.1,12
227,11390,Murray,Latavius,RB,NOS,153.1,-65.2,9
228,11681,Richardson,Paul,WR,WAS,133.3,-65.4,10
229,13617,Freeman,Royce,RB,DEN,152.6,-65.7,10
230,9064,Flacco,Joe,QB,DEN,246.3,-66.6,10
231,11761,McKinnon,Jerick,RB,SFO,150.9,-67.4,4
232,12157,Johnson,Duke,RB,CLE,150.6,-67.7,7
233,13679,Herndon,Chris,TE,NYJ,94.3,-67.7,4
234,13640,Callaway,Antonio,WR,CLE,130.7,-68.0,7
235,7422,Watson,Benjamin,TE,NEP,92.5,-69.5,10
236,13158,Westbrook,Dede,WR,JAC,127.5,-71.2,10
237,13645,Smith,Tre'Quan,WR,NOS,127.0,-71.8,9
238,10948,Keenum,Case,QB,WAS,240.7,-72.2,10
239,12656,Higgins,Rashard,WR,CLE,124.9,-73.8,7
240,14079,Sanders,Miles,RB,PHI,143.8,-74.5,10
241,9831,Tate,Golden,WR,NYG,123.2,-75.5,11
242,11850,Enunwa,Quincy,WR,NYJ,121.7,-77.0,4
243,12317,Uzomah,C.J.,TE,CIN,84.8,-77.2,9
244,13412,Cole,Keelan,WR,JAC,121.3,-77.4,10
245,8247,Davis,Vernon,TE,WAS,84.5,-77.5,10
246,10737,Benjamin,Travis,WR,LAC,120.5,-78.2,12
247,12181,Agholor,Nelson,WR,PHI,120.4,-78.3,10
248,12391,Williams,Tyrell,WR,OAK,120.1,-78.6,6
249,13592,Darnold,Sam,QB,NYJ,234.2,-78.7,4
250,14087,Henderson,Darrell,RB,LAR,139.1,-79.2,9
251,12596,LaCosse,Matt,TE,NEP,82.5,-79.5,10
252,12211,James,Jesse,TE,DET,81.9,-80.2,5
253,11975,Gabriel,Taylor,WR,CHI,118.5,-80.2,6
254,13672,Gesicki,Mike,TE,MIA,80.5,-81.6,5
255,10398,Smith,Lee,TE,BUF,80.0,-82.1,6
256,13678,Thomas,Ian,TE,CAR,78.6,-83.4,7
257,9308,Amendola,Danny,WR,DET,114.9,-83.8,5
258,12505,Humphries,Adam,WR,TEN,113.7,-85.0,11
259,13176,Jones,Zay,WR,BUF,113.1,-85.6,6
260,13144,McGuire,Elijah,RB,NYJ,132.4,-85.9,4
261,12153,Yeldon,T.J.,RB,BUF,131.4,-86.9,6
262,13155,Ross,John,WR,CIN,111.3,-87.4,9
263,11657,Hyde,Carlos,RB,KCC,130.8,-87.5,12
264,11951,Snead,Willie,WR,BAL,110.3,-88.4,8
265,11182,Burkhead,Rex,RB,NEP,129.4,-88.9,10
266,11454,Anderson,C.J.,RB,DET,128.9,-89.4,5
267,13850,Edwards,Gus,RB,BAL,128.7,-89.5,8
268,12378,Swaim,Geoff,TE,JAC,72.4,-89.7,10
269,13139,Williams,Jamaal,RB,GBP,127.6,-90.7,11
270,12680,Vannett,Nick,TE,SEA,71.2,-90.8,11
271,13236,Everett,Gerald,TE,LAR,70.9,-91.2,9
272,13722,Jarwin,Blake,TE,DAL,70.5,-91.5,8
273,13649,Hamilton,DaeSean,WR,DEN,106.7,-92.0,10
274,13621,Ballage,Kalen,RB,MIA,123.9,-94.4,5
275,13382,Seals-Jones,Ricky,TE,ARZ,66.3,-95.7,12
276,11193,Bernard,Giovani,RB,CIN,122.2,-96.1,9
277,12678,Higbee,Tyler,TE,LAR,65.2,-96.8,9
278,11337,Fells,Darren,TE,HOU,65.0,-97.0,10
279,12188,Dorsett,Phillip,WR,NEP,101.3,-97.4,10
280,14075,Harris,Damien,RB,NEP,120.5,-97.8,10
281,12912,Richard,Jalen,RB,OAK,119.4,-98.9,6
282,13680,Hurst,Hayden,TE,BAL,61.1,-101.0,8
283,12212,Kroft,Tyler,TE,BUF,60.1,-101.9,6
284,12208,Heuerman,Jeff,TE,DEN,59.6,-102.5,10
285,11890,Wilson,Albert,WR,MIA,95.6,-103.1,5
286,13418,Bourne,Kendrick,WR,SFO,94.5,-104.2,4
287,10409,Clay,Charles,TE,ARZ,57.6,-104.4,12
288,12197,Perriman,Breshad,WR,TBB,93.3,-105.4,7
289,12934,Rogers,Chester,WR,IND,93.2,-105.5,6
290,10709,Martin,Doug,RB,OAK,112.5,-105.8,6
291,9427,Crabtree,Michael,WR,ARZ,92.2,-106.5,12
292,11834,Blue,Alfred,RB,JAC,111.7,-106.6,10
293,12917,Harris,Maurice,WR,NEP,90.0,-108.7,10
294,13254,Shaheen,Adam,TE,CHI,52.3,-109.7,6
295,7877,Gore,Frank,RB,BUF,107.7,-110.6,6
296,13168,Reynolds,Josh,WR,LAR,88.1,-110.6,9
297,10838,Ellison,Rhett,TE,NYG,50.7,-111.3,11
298,10308,Cobb,Randall,WR,DAL,86.8,-111.9,8
299,12636,Smallwood,Wendell,RB,PHI,104.9,-113.4,10
300,13919,Firkser,Anthony,TE,TEN,48.4,-113.7,11
301,9912,Dickson,Ed,TE,SEA,47.3,-114.7,11
302,10973,Beasley,Cole,WR,BUF,83.9,-114.8,6
303,13653,Foster,Robert,WR,BUF,83.3,-115.4,6
304,12785,Robinson,Demarcus,WR,KCC,82.6,-116.1,12
305,13664,Quinn,Trey,WR,WAS,81.4,-117.3,10
306,9884,Thomas,Demaryius,WR,NEP,81.2,-117.5,10
307,14104,Brown,A.J.,WR,TEN,80.9,-117.8,11
308,10734,Wright,Jarius,WR,CAR,80.5,-118.2,7
309,13348,Moore,David,WR,SEA,80.3,-118.4,11
310,10432,Green,Virgil,TE,LAC,41.7,-120.3,12
311,11252,Toilolo,Levine,TE,SFO,41.7,-120.3,4
312,11448,Harris,Demetrius,TE,CLE,41.3,-120.7,7
313,11701,Grimble,Xavier,TE,PIT,40.6,-121.4,7
314,13246,Alie-Cox,Mo,TE,IND,40.5,-121.5,6
315,11399,Griffin,Ryan,TE,NYJ,40.0,-122.1,4
316,11529,Hill,Josh,TE,NOS,39.8,-122.3,9
317,14143,Knox,Dawson,TE,BUF,39.4,-122.6,6
318,13591,Rosen,Josh,QB,MIA,190.2,-122.7,5
319,10983,Hogan,Chris,WR,CAR,75.5,-123.2,7
320,11007,Celek,Garrett,TE,SFO,38.6,-123.5,4
321,13564,Ficken,Sam,K,GBP,7.9,-123.7,11
322,12328,Boyle,Nick,TE,BAL,38.0,-124.0,8
323,13890,Croom,Jason,TE,BUF,37.4,-124.6,6
324,12330,O'Shaughnessy,James,TE,JAC,37.2,-124.8,10
325,13819,Thomas,Jordan,TE,HOU,37.2,-124.8,10
326,7942,Sproles,Darren,RB,PHI,93.4,-124.9,10
327,13753,Akins,Jordan,TE,HOU,35.5,-126.5,10
328,11237,Shepard,Russell,WR,NYG,71.2,-127.5,11
329,14112,Campbell,Parris,WR,IND,71.0,-127.7,6
330,14140,Sternberger,Jace,TE,GBP,34.4,-127.7,11
331,14123,Renfrow,Hunter,WR,OAK,70.8,-127.9,6
332,12471,Roberts,Seth,WR,BAL,70.5,-128.2,8
333,13880,Arnold,Dan,TE,NOS,33.5,-128.6,9
334,12814,Grant,Jakeem,WR,MIA,70.0,-128.7,5
335,11188,Riddick,Theo,RB,DEN,89.1,-129.2,10
336,10354,Stocker,Luke,TE,ATL,32.8,-129.2,9
337,12213,Bell,Blake,TE,KCC,31.1,-131.0,12
344,13065,Tomlinson,Eric,TE,NYJ,30.1,-131.9,4
345,14105,Brown,Marquise,WR,BAL,66.6,-132.1,8
346,11381,Willson,Luke,TE,OAK,29.7,-132.3,6
347,10742,Allen,Dwayne,TE,MIA,27.8,-134.2,5
348,12164,Davis,Mike,RB,CHI,83.7,-134.6,6
349,11225,Patterson,Cordarrelle,WR,CHI,63.1,-135.6,6
350,12792,DeValve,Seth,TE,CLE,24.8,-137.2,7
351,13631,Washington,James,WR,PIT,61.3,-137.4,7
352,14223,Mattison,Alexander,RB,MIN,80.8,-137.5,12
353,13488,Pascal,Zach,WR,IND,61.2,-137.5,6
354,14209,Oliver,Josh,TE,JAC,24.5,-137.6,10
355,13133,Perine,Samaje,RB,WAS,80.1,-138.2,10
356,11076,Kearse,Jermaine,WR,DET,60.4,-138.3,5
357,13136,Clement,Corey,RB,PHI,79.8,-138.5,10
358,11758,Latimer,Cody,WR,NYG,59.7,-139.0,11
359,14284,Thompson,Darwin,RB,KCC,79.1,-139.2,12
360,10699,Foles,Nick,QB,JAC,173.3,-139.6,10
361,13167,Taylor,Taywan,WR,TEN,58.2,-140.5,11
362,8269,Lewis,Marcedes,TE,GBP,20.6,-141.5,11
363,12309,Pruitt,MyCole,TE,TEN,20.5,-141.6,11
364,12206,Williams,Maxx,TE,ARZ,20.4,-141.7,12
365,14195,Warring,Kahale,TE,HOU,20.0,-142.1,10
366,13776,Watson,Justin,WR,TBB,56.3,-142.4,7
367,13637,St. Brown,Equanimeous,WR,GBP,55.9,-142.8,11
368,13195,Leggett,Jordan,TE,TBB,18.7,-143.4,7
369,12629,Booker,Devontae,RB,DEN,74.2,-144.1,10
370,14141,Smith Jr.,Irv,TE,MIN,17.7,-144.3,12
371,11957,Inman,Dontrelle,WR,NEP,54.4,-144.4,10
372,13135,Gallman,Wayne,RB,NYG,73.6,-144.7,11
373,13772,Schultz,Dalton,TE,DAL,17.1,-144.9,8
374,12207,O'Leary,Nick,TE,MIA,16.9,-145.1,5
375,14124,Johnson,KeeSean,WR,ARZ,53.5,-145.2,12
376,14136,Samuel,Deebo,WR,SFO,52.8,-145.9,4
377,10123,Paulsen,Logan,TE,ATL,16.1,-146.0,9
378,14080,Singletary,Devin,RB,BUF,71.1,-147.2,6
379,10940,Carrier,Derek,TE,OAK,14.3,-147.7,6
380,12394,Carter,DeAndre,WR,HOU,50.5,-148.2,10
381,12657,Sharpe,Tajae,WR,TEN,50.3,-148.4,11
382,11456,Brown,Jaron,WR,SEA,49.8,-148.9,11
383,12257,Conley,Chris,WR,JAC,49.8,-149.0,10
384,12632,Dixon,Kenneth,RB,BAL,69.2,-149.1,8
385,12185,Hardy,Justin,WR,ATL,49.0,-149.7,9
386,12731,Rogers,Eli,WR,PIT,48.7,-150.0,7
387,13882,Kirkwood,Keith,WR,NOS,47.6,-151.1,9
388,12645,Treadwell,Laquon,WR,MIN,47.1,-151.7,12
389,13647,Ateman,Marcell,WR,OAK,47.0,-151.7,6
390,12138,Simonson,Scott,TE,NYG,10.0,-152.1,11
391,13377,Patrick,Tim,WR,DEN,46.6,-152.1,10
392,13165,Switzer,Ryan,WR,PIT,46.6,-152.1,7
393,10300,Rodgers,Jacquizz,RB,NOS,65.8,-152.5,9
394,13620,Jackson,Justin,RB,LAC,65.7,-152.6,12
395,13676,Smythe,Durham,TE,MIA,9.3,-152.8,5
396,12868,Braunecker,Ben,TE,CHI,8.9,-153.2,6
397,12859,Anderson,Stephen,TE,NEP,8.8,-153.2,10
398,12264,Zenner,Zach,RB,DET,65.1,-153.2,5
399,13190,Butt,Jake,TE,DEN,8.8,-153.2,10
400,13611,Adams,Josh,RB,PHI,64.9,-153.4,10
401,13445,Auclair,Antony,TE,TBB,8.6,-153.4,7
402,12816,Morgan,David,TE,MIN,8.2,-153.8,12
403,13108,McKissic,J.D.,RB,SEA,64.0,-154.3,11
404,13726,Edmonds,Chase,RB,ARZ,62.7,-155.6,12
405,12209,Koyack,Ben,TE,JAC,6.4,-155.6,10
406,10747,Charles,Orson,TE,CLE,6.3,-155.7,7
407,11199,Ware,Spencer,RB,IND,62.3,-156.0,6
408,11647,Thomas,Logan,TE,DET,5.8,-156.3,5
409,13316,Taylor,Trent,WR,SFO,42.0,-156.7,4
410,13427,Tonyan,Robert,TE,GBP,5.3,-156.7,11
411,13315,Saubert,Eric,TE,ATL,5.2,-156.8,9
412,13675,Conklin,Tyler,TE,MIN,5.0,-157.0,12
413,12955,Manhertz,Chris,TE,CAR,4.8,-157.2,7
414,13893,Sherfield,Trent,WR,ARZ,41.4,-157.3,12
415,12210,Walford,Clive,TE,NYJ,4.7,-157.3,4
416,11931,Fowler,Bennie,WR,NYG,41.3,-157.4,11
417,12640,Ferguson,Josh,RB,HOU,60.8,-157.4,10
418,10289,Smith,Torrey,WR,CAR,41.3,-157.5,7
419,11812,Grant,Ryan,WR,OAK,41.2,-157.5,6
420,13546,Griffin,Garrett,TE,NOS,4.1,-157.9,9
421,11213,Austin,Tavon,WR,DAL,39.5,-159.2,8
422,11785,Rodgers,Richard,TE,PHI,2.8,-159.3,10
423,12685,Perkins,Joshua,TE,PHI,2.4,-159.6,10
424,11367,Juszczyk,Kyle,RB,SFO,58.6,-159.7,4
425,12832,Jackson,Darius,RB,DAL,58.4,-159.9,8
426,13438,Culkin,Sean,TE,LAC,2.0,-160.1,12
427,13194,Sprinkle,Jeremy,TE,WAS,1.9,-160.1,10
428,12898,Travis,Ross,TE,IND,1.7,-160.3,6
429,13988,Dwelley,Ross,TE,SFO,1.5,-160.5,4
430,11925,Hurns,Allen,WR,MIA,38.2,-160.6,5
431,13391,Hollister,Jacob,TE,SEA,1.3,-160.7,11
432,14146,Sample,Drew,TE,CIN,1.2,-160.8,9
433,14240,Gentry,Zach,TE,PIT,1.0,-161.0,7
434,13995,Franks,Jordan,TE,CIN,1.0,-161.0,9
435,13280,Williams,Chad,WR,ARZ,37.5,-161.2,12
436,13857,Yelder,Deon,TE,KCC,0.7,-161.3,12
437,13940,Mundt,Johnny,TE,LAR,0.6,-161.5,9
438,14319,Beck,Andrew,TE,NEP,0.5,-161.5,10
466,13789,Wilkins,Jordan,RB,IND,52.8,-165.5,6
467,12824,Core,Cody,WR,CIN,32.7,-166.0,9
468,14017,Wilson,Jeffery,RB,SFO,52.2,-166.1,4
469,12161,Artis-Payne,Cameron,RB,CAR,52.0,-166.3,7
470,11104,Bellamy,Josh,WR,NYJ,31.7,-167.0,4
471,11676,Matthews,Jordan,WR,SFO,31.6,-167.1,4
472,10500,Pryor,Terrelle,WR,JAC,30.9,-167.8,10
473,12873,Jones,Andy,WR,DET,30.0,-168.8,5
474,9823,Bryant,Dez,WR,NOS,29.9,-168.8,9
475,12386,Brown,Malcolm,RB,LAR,49.3,-169.0,9
476,12261,Montgomery,Ty,RB,NYJ,48.8,-169.4,4
477,13999,Beebe,Chad,WR,MIN,26.7,-172.0,12
478,13367,Carr,Austin,WR,NOS,25.8,-173.0,9
479,12913,Erickson,Alex,WR,CIN,25.7,-173.0,9
480,14107,Arcega-Whiteside,JJ,WR,PHI,24.8,-173.9,10
481,13668,Chark,D.J.,WR,JAC,23.2,-175.5,10
482,13816,Cannon,Trenton,RB,NYJ,41.8,-176.5,4
483,10735,Quick,Brian,WR,WAS,21.8,-176.9,10
484,14121,Isabella,Andy,WR,ARZ,20.3,-178.4,12
485,14116,Hurd,Jalen,WR,SFO,20.1,-178.6,4
486,13910,Powell,Brandon,WR,DET,19.6,-179.1,5
487,13387,Johnson,Marcus,WR,IND,18.3,-180.4,6
488,13666,Fountain,Daurice,WR,IND,17.7,-181.0,6
489,14085,Pollard,Tony,RB,DAL,37.3,-181.0,8
490,12586,Jennings,Darius,WR,TEN,17.1,-181.6,11
491,11406,Butler,Brice,WR,MIA,16.5,-182.3,5
492,13648,Burnett,Deontay,WR,NYJ,16.3,-182.4,4
493,12367,Murphy,Marcus,RB,BUF,35.8,-182.5,6
494,12443,Kumerow,Jake,WR,GBP,16.2,-182.5,11
495,13384,Mizzell,Taquan,WR,CHI,15.4,-183.3,6
496,10721,Floyd,Michael,WR,BAL,14.9,-183.8,8
497,14113,Hardman,Mecole,WR,KCC,14.4,-184.3,12
498,13172,Brown,Noah,WR,DAL,14.2,-184.5,8
499,13161,Scott,Artavis,WR,LAC,13.0,-185.8,12
500,13794,Ratley,Damion,WR,CLE,12.5,-186.2,7
501,13544,Wilson,Bobo,WR,TBB,11.5,-187.2,7
502,13884,Smith,Vyncint,WR,HOU,11.3,-187.4,10
503,12465,Meredith,Cameron,WR,NEP,10.2,-188.5,10
504,13809,Gage,Russell,WR,ATL,10.0,-188.7,9
505,11101,Develin,James,RB,NEP,28.6,-189.7,10
506,13641,McCloud,Ray-Ray,WR,BUF,8.0,-190.7,6
507,13505,Hall,Marvin,WR,CHI,8.0,-190.7,6
508,12921,Lewis,Tommylee,WR,DET,7.9,-190.8,5
509,12319,Nelson,J.J.,WR,OAK,7.2,-191.5,6
510,12444,Smith,Rod,RB,NYG,26.8,-191.5,11
511,14096,Ozigbo,Devine,RB,NOS,26.5,-191.8,9
512,13871,Hilliard,Dontrell,RB,CLE,26.1,-192.2,7
513,14125,Boykin,Miles,WR,BAL,5.6,-193.2,8
514,12177,White,Kevin,WR,ARZ,4.9,-193.8,12
515,13240,Hill,Brian,RB,ATL,23.3,-195.0,9
516,11175,Ellington,Andre,RB,TBB,22.8,-195.5,7
517,13652,Wilson,Cedrick,WR,DAL,3.0,-195.7,8
518,13657,Moore,J'Mon,WR,GBP,2.9,-195.8,11
519,13990,Scott,Da'Mari,WR,BUF,2.9,-195.8,6
520,12871,Foster,D.J.,RB,ARZ,22.3,-196.0,12
521,13289,Hollins,Mack,WR,PHI,2.5,-196.2,10
522,12447,Mostert,Raheem,RB,SFO,22.0,-196.3,4
523,13235,Malone,Josh,WR,CIN,1.5,-197.2,9
524,14127,Meyers,Jakobi,WR,NEP,1.0,-197.7,10
525,13179,Dieter,Gehrig,WR,KCC,0.9,-197.8,12
526,13969,Davis,Jawill,WR,GBP,0.9,-197.8,11
527,13503,Kemp,Marcus,WR,KCC,0.7,-198.0,12
528,14267,Winfree,Juwann,WR,DEN,0.6,-198.2,10
529,13911,Willies,Derrick,WR,CLE,0.5,-198.2,7
530,13963,Hodge,KhaDarel,WR,LAR,0.5,-198.2,9
531,13644,Wims,Javon,WR,CHI,0.5,-198.3,6
532,13166,Darboh,Amara,WR,SEA,0.2,-198.5,11
533,12673,Peake,Charone,WR,NYJ,0.1,-198.6,4
534,13862,Cracraft,River,WR,DEN,0.1,-198.6,10
535,14106,Butler,Hakeem,WR,ARZ,0.1,-198.6,12
536,13170,Gibson,Shelton,WR,PHI,0.0,-198.7,10
537,12398,Taylor,Jordan,WR,MIN,0.0,-198.7,12
538,14297,Ursua,John,WR,SEA,0.0,-198.7,11
567,14277,Green,Marcus,WR,ATL,-0.1,-198.8,9
568,13184,Dural,Travin,WR,NOS,-0.1,-198.8,9
569,13169,Chesson,Jehu,WR,WAS,-0.4,-199.1,10
570,14109,McLaurin,Terry,WR,WAS,-0.5,-199.2,10
571,13529,Natson,JoJo,WR,LAR,-0.6,-199.3,9
572,10932,Bolden,Brandon,RB,NEP,18.1,-200.2,10
573,13142,Logan,T.J.,RB,ARZ,16.7,-201.6,12
574,12806,Janovich,Andy,RB,DEN,15.8,-202.5,10
575,13239,Penny,Elijhaa,RB,NYG,15.4,-202.9,11
576,12857,Washington,DeAndre,RB,OAK,15.0,-203.3,6
577,13616,Walton,Mark,RB,MIA,14.8,-203.5,5
578,13623,Williams,Darrel,RB,KCC,14.6,-203.7,12
579,13868,Boone,Mike,RB,MIN,13.9,-204.4,12
580,14074,Williams,Dexter,RB,GBP,12.4,-205.9,11
581,11432,Cunningham,Benny,RB,JAC,11.7,-206.6,10
582,14094,Scarlett,Jordan,RB,CAR,10.7,-207.6,7
583,12923,Ham,C.J.,RB,MIN,10.4,-207.9,12
584,14076,Williams,Trayveon,RB,CIN,8.4,-209.9,9
585,14098,Crockett,Damarea,RB,HOU,7.8,-210.5,10
586,14093,Armstead,Ryquell,RB,JAC,6.4,-211.9,10
587,13334,Henderson,De'Angelo,RB,MIN,6.3,-212.0,12
588,12845,Washington,Dwayne,RB,NOS,5.6,-212.7,9
589,12155,Abdullah,Ameer,RB,MIN,5.1,-213.2,12
590,14095,Johnson,Ty,RB,DET,4.1,-214.2,5
591,13891,Newsome,Detrez,RB,LAC,4.1,-214.2,12
592,14072,Snell Jr.,Benny,RB,PIT,4.1,-214.2,7
593,12040,Smith,Keith,RB,OAK,3.8,-214.5,6
594,11177,Barner,Kenjon,RB,ATL,3.7,-214.6,9
595,12631,Perkins,Paul,RB,NYG,2.5,-215.8,11
596,13958,Turner,De'Lance,RB,BAL,1.6,-216.7,8
597,13619,Kelly,John,RB,LAR,1.6,-216.7,9
598,12169,Rawls,Thomas,RB,JAC,1.5,-216.8,10
599,12639,Ervin,Tyler,RB,BAL,1.3,-217.0,8
600,13874,Wilson,Shaun,RB,WAS,1.3,-217.0,10
601,12867,Wilds,Brandon,RB,ARZ,1.1,-217.2,12
602,13143,McNichols,Jeremy,RB,TEN,0.7,-217.6,11
603,11894,Fluellen,David,RB,TEN,0.6,-217.7,11
604,10985,Olawale,Jamize,RB,DAL,0.5,-217.8,8
605,14084,Holyfield,Elijah,RB,CAR,0.3,-218.0,7
606,14083,Homer,Travis,RB,SEA,0.3,-218.0,11
607,12642,Farrow,Kenneth,RB,MIA,0.2,-218.1,5
608,14086,Hill,Justice,RB,BAL,0.2,-218.1,8
609,11964,Perry,Senorise,RB,BUF,0.2,-218.1,6
610,14088,Anderson,Rodney,RB,CIN,0.1,-218.2,9
611,13134,Foreman,D'Onta,RB,IND,0.1,-218.2,6
612,13150,Davis,Justin,RB,LAR,0.0,-218.3,9
613,12627,Prosise,C.J.,RB,SEA,0.0,-218.3,11
637,13057,Carson,Tra,RB,GBP,-0.1,-218.4,11
638,12635,Williams,Jonathan,RB,IND,-0.1,-218.4,6
639,14289,Whyte,Kerrith,RB,CHI,-0.1,-218.4,6
640,14077,Weber,Mike,RB,DAL,-0.1,-218.4,8
641,13148,Ogunbowale,Dare,RB,TBB,-0.1,-218.4,7
642,13141,Hood,Elijah,RB,CAR,-0.3,-218.6,7
643,8062,Fitzpatrick,Ryan,QB,MIA,55.2,-257.6,5
644,10697,Tannehill,Ryan,QB,TEN,51.2,-261.7,11
645,11642,Bortles,Blake,QB,LAR,50.2,-262.7,9
646,14059,Jones,Daniel,QB,NYG,42.2,-270.7,11
647,13968,Mullens,Nick,QB,SFO,37.1,-275.8,4
648,14058,Haskins,Dwayne,QB,WAS,33.5,-279.3,10
649,14062,Grier,Will,QB,CAR,32.9,-280.0,7
650,13114,Kizer,DeShone,QB,GBP,31.2,-281.7,11
651,10696,Griffin III,Robert,QB,BAL,30.9,-281.9,8
652,12815,Sudfeld,Nate,QB,PHI,29.8,-283.1,10
653,14057,Lock,Drew,QB,DEN,27.5,-285.3,10
654,10262,Gabbert,Blaine,QB,TBB,26.4,-286.5,7
655,10413,Taylor,Tyrod,QB,LAC,26.4,-286.5,12
656,13125,Beathard,C.J.,QB,SFO,24.6,-288.2,4
657,14068,Finley,Ryan,QB,CIN,22.9,-289.9,9
658,12142,Hundley,Brett,QB,ARZ,22.8,-290.1,12
659,12617,Kessler,Cody,QB,PHI,22.5,-290.3,10
660,12616,Brissett,Jacoby,QB,IND,20.0,-292.9,6
661,11151,Barkley,Matt,QB,BUF,18.9,-294.0,6
662,13424,Hill,Taysom,QB,NOS,17.0,-295.9,9
663,11640,Bridgewater,Teddy,QB,NOS,14.6,-298.3,9
664,12623,Driskel,Jeff,QB,CIN,13.4,-299.5,9
665,7813,Smith,Alex,QB,WAS,12.6,-300.3,10
666,12381,Siemian,Trevor,QB,NYJ,12.3,-300.6,4
667,13127,Peterman,Nathan,QB,OAK,12.1,-300.8,6
668,9073,Henne,Chad,QB,KCC,3.6,-309.3,12
669,13119,Dobbs,Joshua,QB,PIT,1.8,-311.0,7
670,11643,McCarron,AJ,QB,HOU,1.6,-311.3,10
671,11854,Gilbert,Garrett,QB,CLE,1.1,-311.8,7
672,13599,Lee,Tanner,QB,JAC,1.0,-311.9,10
673,13879,Allen,Kyle,QB,CAR,0.9,-311.9,7
674,11649,Savage,Tom,QB,DET,0.8,-312.1,5
675,11152,Glennon,Mike,QB,OAK,0.6,-312.2,6
676,12476,Heinicke,Taylor,QB,CAR,0.6,-312.3,7
677,11835,Fales,David,QB,DET,0.6,-312.3,5
678,9899,McCoy,Colt,QB,WAS,0.5,-312.4,10
679,12612,Lynch,Paxton,QB,SEA,0.5,-312.4,11
680,7480,Schaub,Matt,QB,ATL,0.4,-312.5,9
681,14060,Jackson,Tyree,QB,BUF,0.2,-312.7,6
682,11150,Smith,Geno,QB,SEA,0.1,-312.8,11
683,8712,Stanton,Drew,QB,CLE,0.0,-312.9,7
705,12819,Rudock,Jake,QB,MIA,-0.0,-312.9,5
706,11170,Bray,Tyler,QB,CHI,-0.0,-312.9,6
707,12145,Mannion,Sean,QB,MIN,-0.3,-313.1,12
708,13601,Lauletta,Kyle,QB,NYG,-0.8,-313.6,11
709,9714,Hoyer,Brian,QB,NEP,-1.1,-314.0,10
710,9706,Daniel,Chase,QB,CHI,-1.8,-314.6,6
